timestamp,steps,heart_rate,oxygen,body_temp
2025-03-27 14:21:17,107,63,97,36.8
2025-03-27 14:21:22,148,62,95,37.2
2025-03-27 14:21:27,96,61,97,37.2
2025-03-27 14:21:32,105,62,98,36.0
2025-03-27 14:21:37,120,68,95,36.8
2025-03-27 14:21:42,80,52,100,36.5
2025-03-27 14:21:47,93,53,96,37.1
2025-03-27 14:21:52,105,50,97,37.0
2025-03-27 14:21:57,148,70,95,37.1
2025-03-27 14:22:02,127,51,99,36.1
2025-03-27 14:22:07,132,70,98,36.6
2025-03-27 14:22:12,119,55,98,36.5
2025-03-27 14:22:17,127,52,98,37.0
2025-03-27 14:22:22,104,60,95,36.6
2025-03-27 14:22:27,140,58,96,36.9
2025-03-27 14:22:32,139,59,98,36.7
2025-03-27 14:22:37,100,68,96,37.0
2025-03-27 14:22:42,81,65,98,36.2
2025-03-27 14:22:47,131,56,96,36.8
2025-03-27 14:22:52,81,69,96,36.4
2025-03-27 14:22:57,115,50,98,36.3
2025-03-27 14:23:02,88,60,99,36.9
2025-03-27 14:23:07,105,68,99,36.8
2025-03-27 14:23:12,112,55,97,37.1
2025-03-27 14:23:17,89,50,97,36.4
2025-03-27 14:23:22,107,70,98,36.5
2025-03-27 14:23:27,133,60,98,36.2
2025-03-27 14:23:32,91,53,95,37.1
2025-03-27 14:23:37,116,60,96,36.6
2025-03-27 14:23:42,136,53,96,37.1
2025-03-27 14:23:47,149,57,98,36.7
2025-03-27 14:23:52,88,69,95,36.5
2025-03-27 14:23:57,91,66,96,36.9
2025-03-27 14:24:02,106,63,98,36.7
2025-03-27 14:24:07,101,57,99,36.4
2025-03-27 14:24:12,138,70,99,37.1
2025-03-27 14:24:17,104,58,95,37.1
2025-03-27 14:24:22,90,70,96,36.8
2025-03-27 14:24:27,99,68,95,37.0
2025-03-27 14:24:32,116,65,97,37.2
2025-03-27 14:24:37,85,59,100,36.8
2025-03-27 14:24:42,115,63,98,36.7
2025-03-27 14:24:47,145,60,96,36.4
2025-03-27 14:24:52,138,62,97,36.9
2025-03-27 14:24:57,121,58,97,36.7
2025-03-27 14:25:02,100,66,100,36.7
2025-03-27 14:25:07,94,70,97,37.1
2025-03-27 14:25:12,119,51,100,36.6
2025-03-27 14:25:17,104,68,99,36.3
2025-03-27 14:25:22,95,53,98,36.8
2025-03-27 14:25:27,132,60,96,36.4
2025-03-27 14:25:32,85,54,99,36.1
2025-03-27 14:25:37,86,50,98,36.0
2025-03-27 14:25:42,116,50,98,36.3
2025-03-27 14:25:47,124,58,98,36.9
2025-03-27 14:25:52,122,55,97,37.1
2025-03-27 14:25:57,138,60,98,36.6
2025-03-27 14:26:02,103,62,96,36.8
2025-03-27 14:26:07,101,60,97,36.5
2025-03-27 14:26:12,90,59,97,36.4
2025-03-27 14:26:17,97,65,99,36.5
2025-03-27 14:26:22,132,69,95,37.2
2025-03-27 14:26:27,124,63,95,37.0
2025-03-27 14:26:32,127,54,100,36.1
2025-03-27 14:26:37,120,66,95,36.7
2025-03-27 14:26:42,136,55,97,37.1
2025-03-27 14:26:47,90,60,99,36.3
2025-03-27 14:26:52,121,57,100,36.9
2025-03-27 14:26:57,97,54,97,36.9
2025-03-27 14:27:02,98,68,100,36.3
2025-03-27 14:27:07,92,52,100,36.1
2025-03-27 14:27:12,115,54,98,36.6
2025-03-27 14:27:17,150,58,100,36.0
2025-03-27 14:27:22,131,60,98,37.0
2025-03-27 14:27:27,144,51,99,36.4
2025-03-27 14:27:32,100,63,98,36.6
2025-03-27 14:27:37,141,66,100,36.2
2025-03-27 14:27:42,134,51,100,36.8
2025-03-27 14:27:47,99,59,98,36.6
2025-03-27 14:27:52,107,65,100,37.1
2025-03-27 14:27:57,137,61,95,36.7
2025-03-27 14:28:02,95,59,100,36.5
2025-03-27 14:28:07,95,68,97,37.1
2025-03-27 14:28:12,137,59,96,36.6
2025-03-27 14:28:17,140,52,95,37.1
2025-03-27 14:28:22,109,60,100,36.9
2025-03-27 14:28:27,105,61,98,36.3
2025-03-27 14:28:32,122,65,98,36.3
2025-03-27 14:28:37,147,63,100,36.5
2025-03-27 14:28:42,111,52,96,36.2
2025-03-27 14:28:47,119,56,99,36.2
2025-03-27 14:28:52,128,50,97,36.5
2025-03-27 14:28:57,82,51,97,36.9
2025-03-27 14:29:02,132,59,95,36.9
2025-03-27 14:29:07,117,51,97,36.2
2025-03-27 14:29:12,120,51,99,36.8
2025-03-27 14:29:17,144,64,96,36.2
2025-03-27 14:29:22,93,68,98,36.1
2025-03-27 14:29:27,119,56,100,36.5
2025-03-27 14:29:32,95,70,95,36.1
2025-03-27 14:29:37,119,58,97,36.9
2025-03-27 14:29:42,88,50,98,36.8
2025-03-27 14:29:47,99,66,95,36.3
2025-03-27 14:29:52,104,70,98,36.8
2025-03-27 14:29:57,103,63,100,37.0
2025-03-27 14:30:02,87,57,99,36.9
2025-03-27 14:30:07,137,59,97,37.0
2025-03-27 14:30:12,94,66,98,36.1
2025-03-27 14:30:17,84,54,98,37.0
2025-03-27 14:30:22,97,55,97,36.5
2025-03-27 14:30:27,99,65,100,36.2
2025-03-27 14:30:32,127,62,97,36.1
2025-03-27 14:30:37,140,64,97,36.7
2025-03-27 14:30:42,83,64,99,36.1
2025-03-27 14:30:47,129,63,96,36.7
2025-03-27 14:30:52,131,51,97,36.1
2025-03-27 14:30:57,118,66,99,36.5
2025-03-27 14:31:02,138,64,98,36.3
2025-03-27 14:31:07,138,57,98,37.1
2025-03-27 14:31:12,90,69,99,37.0
2025-03-27 14:31:17,145,65,98,36.4
2025-03-27 14:31:22,90,58,99,36.6
2025-03-27 14:31:27,148,51,100,36.8
2025-03-27 14:31:32,100,56,100,36.5
2025-03-27 14:31:37,132,70,99,36.2
2025-03-27 14:31:42,113,63,96,36.7
2025-03-27 14:31:47,119,57,97,36.4
2025-03-27 14:31:52,141,51,95,36.5
2025-03-27 14:31:57,127,50,96,36.0
2025-03-27 14:32:02,90,58,97,36.8
2025-03-27 14:32:07,118,67,99,36.8
2025-03-27 14:32:12,123,60,96,36.3
2025-03-27 14:32:17,95,54,96,36.2
2025-03-27 14:32:22,133,53,99,36.9
2025-03-27 14:32:27,117,63,96,36.2
2025-03-27 14:32:32,145,50,98,37.2
2025-03-27 14:32:37,100,63,100,36.8
2025-03-27 14:32:42,136,61,97,36.5
2025-03-27 14:32:47,146,51,98,36.8
2025-03-27 14:32:52,121,51,98,36.7
2025-03-27 14:32:57,149,62,97,36.5
2025-03-27 14:33:02,118,53,100,36.7
2025-03-27 14:33:07,88,50,100,36.7
2025-03-27 14:33:12,134,59,95,36.4
2025-03-27 14:33:17,125,53,97,36.2
2025-03-27 14:33:22,106,53,96,36.5
2025-03-27 14:33:27,88,66,95,36.7
2025-03-27 14:33:32,122,63,95,37.1
2025-03-27 14:33:37,97,53,96,36.2
2025-03-27 14:33:42,90,66,99,37.2
2025-03-27 14:33:47,132,64,95,36.4
2025-03-27 14:33:52,129,56,100,36.7
2025-03-27 14:33:57,108,67,99,37.1
2025-03-27 14:34:02,91,66,99,36.5
2025-03-27 14:34:07,132,61,95,36.2
2025-03-27 14:34:12,143,67,97,36.1
2025-03-27 14:34:17,136,57,95,36.8
2025-03-27 14:34:22,137,65,100,37.2
2025-03-27 14:34:27,121,58,96,36.0
2025-03-27 14:34:32,142,51,96,37.0
2025-03-27 14:34:37,92,70,95,36.2
2025-03-27 14:34:42,116,58,95,36.7
2025-03-27 14:34:47,89,67,95,36.9
2025-03-27 14:34:52,91,61,100,36.8
2025-03-27 14:34:57,124,64,99,37.1
2025-03-27 14:35:02,149,56,97,36.6
2025-03-27 14:35:07,128,51,98,36.2
2025-03-27 14:35:12,92,55,98,36.9
2025-03-27 14:35:17,124,52,98,37.1
2025-03-27 14:35:22,150,65,99,36.8
2025-03-27 14:35:27,96,55,98,36.7
2025-03-27 14:35:32,89,55,96,36.6
2025-03-27 14:35:37,97,61,95,36.3
2025-03-27 14:35:42,80,57,95,36.4
2025-03-27 14:35:47,126,50,99,36.8
2025-03-27 14:35:52,104,63,97,36.3
2025-03-27 14:35:57,125,69,96,37.2
2025-03-27 14:36:02,128,59,99,36.1
2025-03-27 14:36:07,125,58,96,36.2
2025-03-27 14:36:12,115,50,99,36.9
2025-03-27 14:36:17,128,58,96,37.0
2025-03-27 14:36:22,92,57,99,36.9
2025-03-27 14:36:27,144,55,97,36.0
2025-03-27 14:36:32,148,54,99,36.2
2025-03-27 14:36:37,96,67,99,37.1
2025-03-27 14:36:42,134,60,95,36.1
2025-03-27 14:36:47,119,52,98,36.1
2025-03-27 14:36:52,124,55,97,36.9
2025-03-27 14:36:57,145,54,96,36.6
2025-03-27 14:37:02,103,66,95,36.7
2025-03-27 14:37:07,119,67,95,36.0
2025-03-27 14:37:12,146,57,99,36.9
2025-03-27 14:37:17,100,67,99,36.1
2025-03-27 14:37:22,96,59,98,36.5
2025-03-27 14:37:27,83,69,97,37.2
2025-03-27 14:37:32,121,50,100,36.3
2025-03-27 14:37:37,148,70,96,36.8
2025-03-27 14:37:42,115,59,98,36.0
2025-03-27 14:37:47,144,60,100,36.2
2025-03-27 14:37:52,126,67,100,36.7
2025-03-27 14:37:57,140,68,98,36.3
2025-03-27 14:38:02,123,63,98,37.1
2025-03-27 14:38:07,84,56,96,36.1
2025-03-27 14:38:12,133,51,99,36.7
2025-03-27 14:38:17,86,61,97,36.5
2025-03-27 14:38:22,102,67,98,37.2
2025-03-27 14:38:27,91,55,95,36.0
2025-03-27 14:38:32,117,69,100,36.5
2025-03-27 14:38:37,132,52,96,36.2
2025-03-27 14:38:42,86,54,95,36.2
2025-03-27 14:38:47,112,50,98,36.2
2025-03-27 14:38:52,110,62,99,36.1
2025-03-27 14:38:57,114,61,100,37.2
2025-03-27 14:39:02,142,57,100,36.8
2025-03-27 14:39:07,146,52,96,37.0
2025-03-27 14:39:12,85,60,95,37.1
2025-03-27 14:39:17,113,64,97,37.0
2025-03-27 14:39:22,134,70,99,36.2
2025-03-27 14:39:27,149,52,96,37.0
2025-03-27 14:39:32,88,63,99,37.1
2025-03-27 14:39:37,128,53,97,36.9
2025-03-27 14:39:42,128,65,100,37.2
2025-03-27 14:39:47,93,66,96,36.7
2025-03-27 14:39:52,82,59,96,36.4
2025-03-27 14:39:57,126,64,95,37.0
2025-03-27 14:40:02,144,51,96,36.2
2025-03-27 14:40:07,142,50,100,36.8
2025-03-27 14:40:12,93,69,95,36.3
2025-03-27 14:40:17,116,51,95,36.5
2025-03-27 14:40:22,134,64,97,36.5
2025-03-27 14:40:27,117,65,96,36.6
2025-03-27 14:40:32,101,65,98,36.8
2025-03-27 14:40:37,134,66,100,36.9
2025-03-27 14:40:42,139,55,100,36.1
2025-03-27 14:40:47,88,56,100,37.0
2025-03-27 14:40:52,118,66,97,36.2
2025-03-27 14:40:57,136,55,98,36.6
2025-03-27 14:41:02,134,53,97,36.6
2025-03-27 14:41:07,111,68,96,36.6
2025-03-27 14:41:12,128,58,98,36.6
2025-03-27 14:41:17,80,60,98,37.0
2025-03-27 14:41:22,148,59,98,36.1
2025-03-27 14:41:27,150,64,99,36.2
2025-03-27 14:41:32,134,51,96,36.1
2025-03-27 14:41:37,103,65,97,36.0
2025-03-27 14:41:42,101,68,98,36.3
2025-03-27 14:41:47,150,65,95,36.4
2025-03-27 14:41:52,113,54,97,36.8
2025-03-27 14:41:57,101,59,97,36.0
2025-03-27 14:42:02,92,67,97,37.0
2025-03-27 14:42:07,92,50,100,36.2
2025-03-27 14:42:12,82,60,100,36.9
2025-03-27 14:42:17,95,62,98,36.5
2025-03-27 14:42:22,94,59,99,36.1
2025-03-27 14:42:27,121,59,100,36.5
2025-03-27 14:42:32,141,65,96,37.1
2025-03-27 14:42:37,104,61,99,37.0
2025-03-27 14:42:42,107,66,100,36.0
2025-03-27 14:42:47,100,52,96,36.4
2025-03-27 14:42:52,127,50,100,37.2
2025-03-27 14:42:57,86,69,99,37.1
2025-03-27 14:43:02,106,59,97,37.0
2025-03-27 14:43:07,110,59,97,36.9
2025-03-27 14:43:12,103,59,98,36.4
2025-03-27 14:43:17,84,61,99,36.0
2025-03-27 14:43:22,100,69,100,36.2
2025-03-27 14:43:27,114,69,95,36.9
2025-03-27 14:43:32,123,57,99,37.2
2025-03-27 14:43:37,95,56,98,37.0
2025-03-27 14:43:42,118,54,100,36.4
2025-03-27 14:43:47,117,67,97,36.9
2025-03-27 14:43:52,92,52,99,36.9
2025-03-27 14:43:57,80,70,99,36.1
2025-03-27 14:44:02,111,62,96,36.4
2025-03-27 14:44:07,124,59,99,36.3
2025-03-27 14:44:12,95,55,97,36.8
2025-03-27 14:44:17,113,51,99,37.0
2025-03-27 14:44:22,149,63,98,36.7
2025-03-27 14:44:28,136,64,95,36.8
2025-03-27 14:44:33,82,53,96,37.1
2025-03-27 14:44:38,129,61,97,36.7
2025-03-27 14:44:43,136,66,99,36.3
2025-03-27 14:44:48,116,50,99,36.1
2025-03-27 14:44:53,88,60,99,36.3
2025-03-27 14:44:58,91,65,98,37.0
2025-03-27 14:45:03,144,68,96,36.9
2025-03-27 14:45:08,103,65,98,36.2
2025-03-27 14:45:13,116,66,100,36.4
2025-03-27 14:45:18,126,56,97,37.1
2025-03-27 14:45:23,120,57,99,36.4
2025-03-27 14:45:28,97,50,98,36.5
2025-03-27 14:45:33,112,67,95,37.0
2025-03-27 14:45:38,91,53,95,36.5
2025-03-27 14:45:43,100,52,99,36.9
2025-03-27 14:45:48,96,70,98,36.7
2025-03-27 14:45:53,129,60,100,36.8
2025-03-27 14:45:58,138,69,98,37.0
2025-03-27 14:46:03,80,53,96,36.3
2025-03-27 14:46:08,126,59,100,36.5
2025-03-27 14:46:13,126,66,99,36.8
2025-03-27 14:46:18,145,52,99,36.9
2025-03-27 14:46:23,135,57,95,36.8
2025-03-27 14:46:28,94,59,97,37.2
2025-03-27 14:46:33,81,62,95,36.9
2025-03-27 14:46:38,87,51,95,36.2
2025-03-27 14:46:43,105,53,96,36.9
2025-03-27 14:46:48,99,67,95,36.9
2025-03-27 14:46:53,129,58,98,36.5
2025-03-27 14:46:58,150,64,98,36.3
2025-03-27 14:47:03,107,62,100,37.1
2025-03-27 14:47:08,88,52,96,36.3
2025-03-27 14:47:13,84,61,95,36.5
2025-03-27 14:47:18,85,68,96,37.1
2025-03-27 14:47:23,114,64,95,36.2
2025-03-27 14:47:28,101,60,95,36.8
2025-03-27 14:47:33,85,70,95,36.4
2025-03-27 14:47:38,90,68,95,36.8
2025-03-27 14:47:43,93,58,100,36.9
2025-03-27 14:47:48,145,52,95,36.1
2025-03-27 14:47:53,87,57,95,37.0
2025-03-27 14:47:58,80,55,95,36.9
2025-03-27 14:48:03,80,51,99,37.0
2025-03-27 14:48:08,142,56,96,36.4
2025-03-27 14:48:13,81,57,98,36.3
2025-03-27 14:48:18,100,59,95,37.1
2025-03-27 14:48:23,123,59,95,37.0
2025-03-27 14:48:28,131,63,97,36.5
2025-03-27 14:48:33,134,58,98,36.3
2025-03-27 14:48:38,134,68,97,36.4
2025-03-27 14:48:43,101,52,96,37.2
2025-03-27 14:48:48,150,54,99,36.6
2025-03-27 14:48:53,135,52,96,36.6
2025-03-27 14:48:58,98,52,95,36.9
2025-03-27 14:49:03,97,56,95,36.6
2025-03-27 14:49:08,101,51,95,36.8
2025-03-27 14:49:13,109,51,96,36.9
2025-03-27 14:49:18,102,64,97,36.1
2025-03-27 14:49:23,89,57,98,36.4
2025-03-27 14:49:28,141,64,99,36.6
2025-03-27 14:49:33,111,62,96,37.2
2025-03-27 14:49:38,112,54,97,37.2
2025-03-27 14:49:43,81,55,97,37.0
2025-03-27 14:49:48,128,51,97,36.0
2025-03-27 14:49:53,110,62,99,36.7
2025-03-27 14:49:58,98,65,100,36.5
2025-03-27 14:50:03,87,53,99,36.0
2025-03-27 14:50:08,99,68,100,36.6
2025-03-27 14:50:13,122,63,100,36.6
2025-03-27 14:50:18,92,56,96,36.3
2025-03-27 14:50:23,83,52,98,36.4
2025-03-27 14:50:28,140,63,95,37.1
2025-03-27 14:50:33,103,66,95,36.5
2025-03-27 14:50:38,88,60,98,36.5
2025-03-27 14:50:43,138,61,100,36.3
2025-03-27 14:50:48,104,58,95,36.0
2025-03-27 14:50:53,132,50,99,37.1
2025-03-27 14:50:58,106,69,96,36.5
2025-03-27 14:51:03,83,57,100,36.7
2025-03-27 14:51:08,148,60,95,37.2
2025-03-27 14:51:13,109,69,99,36.3
2025-03-27 14:51:18,119,50,100,36.4
2025-03-27 14:51:23,92,61,97,36.2
2025-03-27 14:51:28,80,53,99,36.4
2025-03-27 14:51:33,111,69,96,36.8
2025-03-27 14:51:38,94,56,95,36.8
2025-03-27 14:51:43,88,69,95,37.0
2025-03-27 14:51:48,83,52,97,36.7
2025-03-27 14:51:53,137,50,98,36.7
2025-03-27 14:51:58,142,57,96,36.5
2025-03-27 14:52:03,91,63,98,37.0
2025-03-27 14:52:08,117,64,98,36.6
2025-03-27 14:52:13,141,65,96,36.9
2025-03-27 14:52:18,106,70,97,36.5
2025-03-27 14:52:23,137,69,98,36.1
2025-03-27 14:52:28,95,57,98,37.0
2025-03-27 14:52:33,124,50,100,37.0
2025-03-27 14:52:38,111,51,99,37.2
2025-03-27 14:52:43,131,55,98,36.4
2025-03-27 14:52:48,86,53,99,37.1
2025-03-27 14:52:53,95,61,97,36.8
2025-03-27 14:52:58,123,61,95,36.1
2025-03-27 14:53:03,104,58,100,36.8
2025-03-27 14:53:08,123,70,97,36.4
2025-03-27 14:53:13,146,60,95,36.1
2025-03-27 14:53:18,88,59,96,36.6
2025-03-27 14:53:23,87,52,97,36.1
2025-03-27 14:53:28,106,54,95,36.6
2025-03-27 14:53:33,108,63,98,36.2
2025-03-27 14:53:38,117,58,97,37.1
2025-03-27 14:53:43,137,69,97,36.2
2025-03-27 14:53:48,126,54,100,36.9
2025-03-27 14:53:53,123,61,100,36.0
2025-03-27 14:53:58,88,70,95,36.9
2025-03-27 14:54:03,128,61,95,37.0
2025-03-27 14:54:08,89,57,99,36.4
2025-03-27 14:54:13,83,61,97,36.9
2025-03-27 14:54:18,134,67,98,36.3
2025-03-27 14:54:23,100,65,99,36.6
2025-03-27 14:54:28,102,52,98,36.4
2025-03-27 14:54:33,90,64,100,36.3
2025-03-27 14:54:38,121,51,100,36.5
2025-03-27 14:54:43,147,65,100,36.1
2025-03-27 14:54:48,101,69,97,36.5
2025-03-27 14:54:53,145,51,99,36.9
2025-03-27 14:54:58,137,63,99,36.9
2025-03-27 14:55:03,126,69,95,36.9
2025-03-27 14:55:08,135,68,95,36.6
2025-03-27 14:55:13,114,58,98,36.6
2025-03-27 14:55:18,150,66,97,36.7
2025-03-27 14:55:23,94,62,97,36.0
2025-03-27 14:55:28,86,69,95,36.7
2025-03-27 14:55:33,113,69,100,36.7
2025-03-27 14:55:38,123,67,99,36.3
2025-03-27 14:55:43,91,69,95,36.9
2025-03-27 14:55:48,114,70,96,36.5
2025-03-27 14:55:53,86,58,96,36.5
2025-03-27 14:55:58,86,54,96,37.2
2025-03-27 14:56:03,94,61,98,36.9
2025-03-27 14:56:08,110,67,99,36.6
2025-03-27 14:56:13,124,58,98,36.3
2025-03-27 14:56:18,143,54,99,36.1
2025-03-27 14:56:23,98,51,98,36.3
2025-03-27 14:56:28,105,55,100,37.0
2025-03-27 14:56:33,110,61,97,36.3
2025-03-27 14:56:38,146,70,97,36.7
2025-03-27 14:56:43,80,67,98,36.7
2025-03-27 14:56:48,145,53,98,36.4
2025-03-27 14:56:53,97,60,98,36.0
2025-03-27 14:56:58,145,65,98,36.4
2025-03-27 14:57:03,113,67,97,36.3
2025-03-27 14:57:08,80,67,99,36.5
2025-03-27 14:57:13,129,69,96,37.0
2025-03-27 14:57:18,149,68,100,36.2
2025-03-27 14:57:23,84,59,100,36.1
2025-03-27 14:57:28,114,70,98,37.1
2025-03-27 14:57:33,84,55,99,36.9
2025-03-27 14:57:38,148,60,97,36.9
2025-03-27 14:57:43,89,61,100,36.7
2025-03-27 14:57:48,100,67,98,37.1
2025-03-27 14:57:53,110,51,97,37.2
2025-03-27 14:57:58,136,57,98,36.2
2025-03-27 14:58:03,100,59,100,36.2
2025-03-27 14:58:08,84,69,95,36.8
2025-03-27 14:58:13,119,53,99,36.1
2025-03-27 14:58:18,126,55,96,37.1
2025-03-27 14:58:23,109,60,99,36.9
2025-03-27 14:58:28,148,66,98,36.8
2025-03-27 14:58:33,93,60,98,36.4
2025-03-27 14:58:38,126,67,98,36.4
2025-03-27 14:58:43,99,64,97,36.5
2025-03-27 14:58:48,141,68,95,36.1
2025-03-27 14:58:53,134,64,99,36.0
2025-03-27 14:58:58,82,53,95,36.9
2025-03-27 14:59:03,142,62,95,37.1
2025-03-27 14:59:08,96,50,97,36.6
2025-03-27 14:59:13,132,59,96,36.4
2025-03-27 14:59:18,137,64,99,36.0
2025-03-27 14:59:23,98,63,99,36.9
2025-03-27 14:59:28,150,64,98,36.3
2025-03-27 14:59:33,109,67,99,36.1
2025-03-27 14:59:38,148,64,98,36.7
2025-03-27 14:59:43,97,51,97,36.9
2025-03-27 14:59:48,135,63,97,36.6
2025-03-27 14:59:53,108,56,98,36.8
2025-03-27 14:59:58,130,70,97,36.2
2025-03-27 15:00:03,144,50,99,36.8
2025-03-27 15:00:08,109,69,96,37.2
2025-03-27 15:00:13,110,50,95,36.7
2025-03-27 15:00:18,121,50,99,36.6
2025-03-27 15:00:23,135,55,97,37.2
2025-03-27 15:00:28,104,70,98,36.1
2025-03-27 15:00:33,131,67,98,36.6
2025-03-27 15:00:38,108,68,99,36.8
2025-03-27 15:00:43,104,58,97,36.1
2025-03-27 15:00:48,136,66,100,36.9
2025-03-27 15:00:53,112,51,99,36.6
2025-03-27 15:00:58,109,65,99,36.9
2025-03-27 15:01:03,108,70,96,36.1
2025-03-27 15:01:08,90,60,99,36.6
2025-03-27 15:01:13,120,63,96,36.4
2025-03-27 15:01:18,117,70,96,36.4
2025-03-27 15:01:23,145,60,98,36.8
2025-03-27 15:01:28,84,69,95,37.1
2025-03-27 15:01:33,150,62,95,36.9
2025-03-27 15:01:38,129,62,100,37.2
2025-03-27 15:01:43,99,62,95,36.7
2025-03-27 15:01:48,131,69,98,36.2
2025-03-27 15:01:53,84,68,100,36.4
2025-03-27 15:01:58,135,58,97,36.3
2025-03-27 15:02:03,129,57,96,36.1
2025-03-27 15:02:08,118,59,96,37.1
2025-03-27 15:02:13,113,53,96,36.5
2025-03-27 15:02:18,129,53,98,37.2
2025-03-27 15:02:23,140,53,100,36.9
2025-03-27 15:02:28,135,57,99,36.5
2025-03-27 15:02:33,128,56,99,37.0
2025-03-27 15:02:38,118,64,100,36.8
2025-03-27 15:02:43,131,67,97,36.6
2025-03-27 15:02:48,133,66,96,37.1
2025-03-27 15:02:53,146,54,97,36.9
2025-03-27 15:02:58,80,67,99,36.4
2025-03-27 15:03:03,111,63,100,36.3
2025-03-27 15:03:08,123,68,96,36.3
2025-03-27 15:03:13,90,65,95,36.6
2025-03-27 15:03:18,111,55,99,36.9
2025-03-27 15:03:23,146,63,96,36.6
2025-03-27 15:03:28,107,64,100,36.6
2025-03-27 15:03:33,106,58,97,36.1
2025-03-27 15:03:38,91,64,98,36.5
2025-03-27 15:03:43,138,67,99,36.2
2025-03-27 15:03:48,105,57,95,36.4
2025-03-27 15:03:53,85,68,100,36.9
2025-03-27 15:03:58,112,61,97,36.4
2025-03-27 15:04:03,81,62,96,36.4
2025-03-27 15:04:08,122,67,95,36.9
2025-03-27 15:04:13,141,51,96,36.1
2025-03-27 15:04:18,98,60,98,37.1
2025-03-27 15:04:23,104,64,95,36.8
2025-03-27 15:04:28,113,56,98,36.7
2025-03-27 15:04:33,134,65,97,36.9
2025-03-27 15:04:38,144,58,96,36.4
2025-03-27 15:04:43,134,56,97,37.0
2025-03-27 15:04:48,141,60,98,36.4
2025-03-27 15:04:53,150,58,97,37.2
2025-03-27 15:04:58,149,61,98,36.6
2025-03-27 15:05:03,129,58,96,36.4
2025-03-27 15:05:08,101,51,96,36.9
2025-03-27 15:05:13,105,68,95,36.0
2025-03-27 15:05:18,98,63,96,37.0
2025-03-27 15:05:23,104,57,100,36.6
2025-03-27 15:05:28,128,63,96,36.8
2025-03-27 15:05:33,85,67,99,36.3
2025-03-27 15:05:38,115,50,95,36.8
2025-03-27 15:05:43,88,62,96,36.9
2025-03-27 15:05:48,134,70,96,36.6
2025-03-27 15:05:53,109,58,97,36.2
2025-03-27 15:05:58,86,52,99,37.1
2025-03-27 15:06:03,88,54,97,36.8
2025-03-27 15:06:08,147,68,97,36.4
2025-03-27 15:06:13,87,60,97,37.2
2025-03-27 15:06:18,83,68,97,36.5
2025-03-27 15:06:23,138,58,97,36.1
2025-03-27 15:06:28,144,55,95,36.9
2025-03-27 15:06:33,134,52,95,36.7
2025-03-27 15:06:38,135,55,100,36.2
2025-03-27 15:06:43,90,51,99,36.1
2025-03-27 15:06:48,112,69,97,36.6
2025-03-27 15:06:53,109,64,98,36.9
2025-03-27 15:06:58,106,62,97,36.6
2025-03-27 15:07:03,118,69,100,36.2
2025-03-27 15:07:08,122,51,95,37.0
2025-03-27 15:07:13,131,68,99,36.4
2025-03-27 15:07:18,132,56,96,37.1
2025-03-27 15:07:23,120,58,97,36.2
2025-03-27 15:07:28,87,66,98,36.2
2025-03-27 15:07:33,82,52,99,36.8
2025-03-27 15:07:38,140,51,95,36.3
2025-03-27 15:07:43,89,63,96,37.0
2025-03-27 15:07:48,146,53,98,36.1
2025-03-27 15:07:53,140,67,100,36.4
2025-03-27 15:07:58,82,53,97,36.6
2025-03-27 15:08:03,132,58,95,37.0
2025-03-27 15:08:08,90,57,96,37.1
2025-03-27 15:08:13,133,50,99,36.2
2025-03-27 15:08:18,132,57,95,36.2
2025-03-27 15:08:23,129,50,97,36.9
2025-03-27 15:08:28,132,55,100,37.0
2025-03-27 15:08:33,133,58,100,36.4
2025-03-27 15:08:38,147,50,95,36.4
2025-03-27 15:08:43,132,67,99,36.5
2025-03-27 15:08:48,127,64,98,36.6
2025-03-27 15:08:53,135,59,100,36.2
2025-03-27 15:08:58,108,58,95,36.4
2025-03-27 15:09:03,96,55,95,36.9
2025-03-27 15:09:08,134,59,96,36.7
2025-03-27 15:09:13,107,66,98,36.1
2025-03-27 15:09:18,95,65,100,36.5
2025-03-27 15:09:23,86,68,97,36.2
2025-03-27 15:09:28,101,65,95,36.0
2025-03-27 15:09:33,114,70,98,36.2
2025-03-27 15:09:38,149,51,97,37.2
2025-03-27 15:09:43,100,70,99,36.9
2025-03-27 15:09:48,143,54,99,36.9
2025-03-27 15:09:53,134,53,96,36.5
2025-03-27 15:09:58,103,52,100,36.5
2025-03-27 15:10:03,136,67,99,36.0
2025-03-27 15:10:08,111,62,98,36.9
2025-03-27 15:10:13,115,51,95,36.5
2025-03-27 15:10:18,148,60,95,37.1
2025-03-27 15:10:23,139,70,99,36.3
2025-03-27 15:10:28,106,56,97,36.7
2025-03-27 15:10:33,114,59,97,36.5
2025-03-27 15:10:38,144,69,100,36.0
2025-03-27 15:10:43,138,62,96,36.1
2025-03-27 15:10:48,90,54,98,36.9
2025-03-27 15:10:53,144,63,97,37.1
2025-03-27 15:10:58,80,62,97,36.4
2025-03-27 15:11:03,137,65,96,36.6
2025-03-27 15:11:08,130,66,98,36.6
2025-03-27 15:11:13,100,66,98,36.6
2025-03-27 15:11:18,149,53,97,36.7
2025-03-27 15:11:23,131,63,100,36.8
2025-03-27 15:11:28,101,66,96,36.8
2025-03-27 15:11:33,110,69,98,36.4
2025-03-27 15:11:38,81,62,97,36.6
2025-03-27 15:11:43,149,65,98,36.1
2025-03-27 15:11:48,104,62,95,36.3
2025-03-27 15:11:53,143,62,95,36.8
2025-03-27 15:11:58,146,57,95,36.1
2025-03-27 15:12:03,106,61,98,36.1
2025-03-27 15:12:08,84,66,97,37.1
2025-03-27 15:12:13,133,67,100,36.6
2025-03-27 15:12:18,145,61,97,37.0
2025-03-27 15:12:23,136,70,95,37.0
2025-03-27 15:12:28,135,51,95,36.8
2025-03-27 15:12:33,104,67,95,36.3
2025-03-27 15:12:38,125,63,98,36.7
2025-03-27 15:12:43,143,58,95,36.8
2025-03-27 15:12:48,136,64,95,36.5
2025-03-27 15:12:53,93,51,98,36.9
2025-03-27 15:12:58,135,70,96,36.6
2025-03-27 15:13:03,80,52,100,37.0
2025-03-27 15:13:08,94,61,97,36.9
2025-03-27 15:13:13,134,50,97,37.0
2025-03-27 15:13:18,129,69,99,36.7
2025-03-27 15:13:23,93,53,100,36.2
2025-03-27 15:13:28,90,56,97,36.1
2025-03-27 15:13:33,105,67,100,36.3
2025-03-27 15:13:38,110,59,98,36.8
2025-03-27 15:13:43,118,59,100,37.2
2025-03-27 15:13:48,118,63,98,36.9
2025-03-27 15:13:53,92,56,95,36.9
2025-03-27 15:13:58,144,55,95,36.3
2025-03-27 15:14:03,111,60,95,37.1
2025-03-27 15:14:08,148,61,95,36.4
2025-03-27 15:14:13,82,52,100,36.9
2025-03-27 15:14:18,133,65,99,36.9
2025-03-27 15:14:23,110,55,100,36.1
2025-03-27 15:14:28,135,59,97,36.5
2025-03-27 15:14:33,128,61,99,36.3
2025-03-27 15:14:38,82,67,97,36.2
2025-03-27 15:14:43,123,55,97,37.1
2025-03-27 15:14:48,90,64,96,36.1
2025-03-27 15:14:53,149,58,95,36.3
2025-03-27 15:14:58,81,54,99,36.8
2025-03-27 15:15:03,149,56,97,36.1
2025-03-27 15:15:08,126,51,100,36.2
2025-03-27 15:15:13,95,50,99,37.1
2025-03-27 15:15:18,123,50,98,37.0
2025-03-27 15:15:23,118,61,95,37.1
2025-03-27 15:15:28,91,51,96,36.7
2025-03-27 15:15:33,87,55,100,36.9
2025-03-27 15:15:38,132,65,95,36.9
2025-03-27 15:15:43,95,65,97,36.8
2025-03-27 15:15:48,146,53,96,36.1
2025-03-27 15:15:53,80,63,99,36.3
2025-03-27 15:15:58,147,60,98,36.5
2025-03-27 15:16:03,118,66,96,36.8
2025-03-27 15:16:08,137,58,97,36.3
2025-03-27 15:16:13,126,62,95,36.7
2025-03-27 15:16:18,122,52,100,36.9
2025-03-27 15:16:23,99,62,100,36.0
2025-03-27 15:16:28,103,61,95,36.3
2025-03-27 15:16:33,140,54,95,37.0
2025-03-27 15:16:38,110,58,95,36.2
2025-03-27 15:16:43,110,65,100,36.2
2025-03-27 15:16:48,83,68,96,36.1
2025-03-27 15:16:53,99,59,96,37.2
2025-03-27 15:16:58,114,69,97,36.1
2025-03-27 15:17:03,129,64,98,37.1
2025-03-27 15:17:08,124,60,95,36.2
2025-03-27 15:17:13,129,66,100,36.4
2025-03-27 15:17:18,82,50,99,36.7
2025-03-27 15:17:23,150,70,95,36.7
2025-03-27 15:17:28,93,68,98,36.4
2025-03-27 15:17:33,97,60,100,36.3
2025-03-27 15:17:38,86,66,100,36.1
2025-03-27 15:17:43,95,51,96,37.1
2025-03-27 15:17:48,147,65,99,36.6
2025-03-27 15:17:53,96,57,97,36.8
2025-03-27 15:17:58,145,70,96,36.3
2025-03-27 15:18:03,85,52,97,36.1
2025-03-27 15:18:08,107,62,100,36.3
2025-03-27 15:18:13,127,59,98,36.0
2025-03-27 15:18:18,117,54,95,36.6
2025-03-27 15:18:23,115,68,98,36.6
2025-03-27 15:18:28,85,66,97,36.7
2025-03-27 15:18:33,95,67,97,37.1
2025-03-27 15:18:38,149,67,98,36.5
2025-03-27 15:18:43,135,54,96,37.1
2025-03-27 15:18:48,103,59,96,37.2
2025-03-27 15:18:53,150,64,99,36.2
2025-03-27 15:18:58,150,65,97,36.2
2025-03-27 15:19:03,115,61,99,36.5
2025-03-27 15:19:08,130,66,96,36.8
2025-03-27 15:19:13,110,69,95,36.5
2025-03-27 15:19:18,103,50,96,36.9
2025-03-27 15:19:23,99,60,99,36.7
2025-03-27 15:19:28,126,66,99,37.1
2025-03-27 15:19:33,120,61,97,37.2
2025-03-27 15:19:38,139,52,97,36.6
2025-03-27 15:19:43,86,66,96,36.6
2025-03-27 15:19:48,94,51,100,36.5
2025-03-27 15:19:53,105,53,97,36.7
2025-03-27 15:19:58,85,62,98,36.3
2025-03-27 15:20:03,91,67,95,37.1
2025-03-27 15:20:08,118,61,97,37.0
2025-03-27 15:20:13,116,51,99,36.3
2025-03-27 15:20:18,130,60,99,36.2
2025-03-27 15:20:23,90,70,99,36.2
2025-03-27 15:20:28,148,60,98,36.4
2025-03-27 15:20:33,120,52,100,37.0
2025-03-27 15:20:38,138,59,100,36.2
2025-03-27 15:20:43,91,53,100,36.2
2025-03-27 15:20:48,133,68,97,36.8
2025-03-27 15:20:53,108,69,95,37.2
2025-03-27 15:20:58,135,62,96,37.1
2025-03-27 15:21:03,103,57,98,36.7
2025-03-27 15:21:08,104,50,100,36.6
2025-03-27 15:21:13,114,51,98,37.2
2025-03-27 15:21:18,129,64,100,36.8
2025-03-27 15:21:23,102,69,98,37.2
2025-03-27 15:21:28,122,64,97,36.7
2025-03-27 15:21:33,135,66,95,36.9
2025-03-27 15:21:38,125,55,100,36.3
2025-03-27 15:21:43,142,53,97,37.1
2025-03-27 15:21:48,87,53,98,36.8
2025-03-27 15:21:53,83,64,97,36.7
2025-03-27 15:21:58,124,61,95,36.0
2025-03-27 15:22:03,104,51,95,37.2
2025-03-27 15:22:08,132,57,100,37.2
2025-03-27 15:22:13,96,50,95,36.9
2025-03-27 15:22:18,147,69,95,36.2
2025-03-27 15:22:23,115,52,99,36.1
2025-03-27 15:22:28,131,52,96,36.5
2025-03-27 15:22:33,92,50,96,36.8
2025-03-27 15:22:38,89,68,97,36.4
2025-03-27 15:22:43,134,55,97,36.2
2025-03-27 15:22:48,110,56,96,36.2
2025-03-27 15:22:53,129,56,98,36.2
2025-03-27 15:22:58,126,58,98,36.5
2025-03-27 15:23:03,131,56,97,36.4
2025-03-27 15:23:08,126,61,100,36.4
2025-03-27 15:23:13,145,65,98,36.8
2025-03-27 15:23:18,130,66,96,37.1
2025-03-27 15:23:23,145,67,97,36.7
2025-03-27 15:23:28,94,55,97,36.4
2025-03-27 15:23:33,130,61,97,37.0
2025-03-27 15:23:38,122,64,99,37.0
2025-03-27 15:23:43,133,67,98,37.2
2025-03-27 15:23:48,147,61,97,37.1
2025-03-27 15:23:53,128,61,100,37.1
2025-03-27 15:23:58,111,67,100,37.2
2025-03-27 15:24:03,82,51,98,36.9
2025-03-27 15:24:08,132,55,98,36.1
2025-03-27 15:24:13,82,58,100,36.5
2025-03-27 15:24:18,141,55,96,36.1
2025-03-27 15:24:23,127,53,99,37.0
2025-03-27 15:37:02,94,70,100,37.2
2025-03-27 15:37:07,133,56,96,36.6
2025-03-27 15:37:12,146,64,97,36.6
2025-03-27 15:37:17,84,55,96,37.2
2025-03-27 15:37:22,145,69,96,36.6
2025-03-27 15:37:27,146,68,97,36.0
2025-03-27 15:37:32,120,50,95,36.4
2025-03-27 15:37:37,83,66,100,36.7
2025-03-27 15:37:42,119,61,100,36.3
2025-03-27 15:37:47,94,50,96,36.2
2025-03-27 15:37:52,146,65,98,36.4
2025-03-27 15:37:57,139,56,97,36.7
2025-03-27 15:38:02,115,63,98,36.3
2025-03-27 15:38:07,126,67,98,37.2
2025-03-27 15:38:12,104,54,97,36.8
2025-03-27 15:38:17,99,70,100,37.1
2025-03-27 15:38:22,85,54,95,36.2
2025-03-27 15:38:27,127,55,99,36.2
2025-03-27 15:38:32,101,59,97,36.5
2025-03-27 15:38:37,89,62,97,37.1
2025-03-27 15:38:42,103,57,98,36.5
2025-03-27 15:38:47,148,62,98,37.2
2025-03-27 15:38:52,98,58,98,36.8
2025-03-27 15:38:57,100,50,96,36.5
2025-03-27 15:39:02,143,68,99,36.8
2025-03-27 15:39:07,94,67,97,36.4
2025-03-27 15:39:12,140,51,100,36.7
2025-03-27 15:39:17,137,60,96,37.1
2025-03-27 15:39:22,132,63,97,36.5
2025-03-27 15:39:27,132,52,99,36.5
2025-03-27 15:39:32,109,60,95,36.7
2025-03-27 15:39:37,123,68,98,37.0
2025-03-27 15:39:42,104,53,100,37.0
2025-03-27 15:39:47,149,68,99,36.7
2025-03-27 15:39:52,109,50,98,36.2
2025-03-27 15:39:57,123,59,96,37.1
2025-03-27 15:40:02,99,52,99,36.3
2025-03-27 15:40:07,106,52,96,36.3
2025-03-27 15:40:12,98,60,100,36.3
2025-03-27 15:40:17,104,64,95,36.1
2025-03-27 15:40:22,106,61,98,36.5
2025-03-27 15:40:27,145,68,95,36.4
2025-03-27 15:40:32,96,52,98,36.4
2025-03-27 15:40:37,125,70,96,36.1
2025-03-27 15:40:42,91,51,96,36.5
2025-03-27 15:40:47,122,57,96,36.7
2025-03-27 15:40:52,102,64,100,36.0
2025-03-27 15:40:57,125,65,98,36.9
2025-03-27 15:41:02,146,63,100,36.7
2025-03-27 15:41:07,90,68,100,36.9
2025-03-27 15:41:12,142,54,98,36.3
2025-03-27 15:41:17,118,63,96,37.2
2025-03-27 15:41:22,111,55,100,36.8
2025-03-27 15:41:27,129,70,98,36.2
2025-03-27 15:41:32,125,59,98,36.9
2025-03-27 15:41:37,138,64,96,36.9
2025-03-27 15:41:42,104,66,99,36.9
2025-03-27 15:41:47,88,69,98,37.1
2025-03-27 15:41:52,149,59,97,36.8
2025-03-27 15:41:57,87,50,95,36.6
2025-03-27 15:42:02,130,69,96,36.9
2025-03-27 15:42:07,90,57,95,36.4
2025-03-27 15:42:12,122,67,100,36.7
2025-03-27 15:42:17,132,56,96,36.3
2025-03-27 15:42:22,85,58,97,36.1
2025-03-27 15:42:27,132,56,99,36.3
2025-03-27 15:42:32,88,60,97,36.8
2025-03-27 15:42:37,89,52,95,36.4
2025-03-27 15:42:42,85,54,98,37.0
2025-03-27 15:42:47,113,56,95,37.1
2025-03-27 15:42:52,100,57,95,36.1
2025-03-27 15:42:57,90,69,98,36.3
2025-03-27 15:43:02,120,57,100,37.1
2025-03-27 15:43:07,127,70,97,36.7
2025-03-27 15:43:12,143,54,100,37.1
2025-03-27 15:43:17,86,53,95,36.9
2025-03-27 15:43:22,102,62,100,37.0
2025-03-27 15:43:27,107,55,95,37.0
2025-03-27 15:43:32,92,67,97,36.9
2025-03-27 15:43:37,83,70,97,37.1
2025-03-27 15:43:42,109,59,96,36.9
2025-03-27 15:43:47,92,63,99,37.1
2025-03-27 15:43:52,117,59,98,37.0
2025-03-27 15:43:57,137,62,97,36.5
2025-03-27 15:44:02,135,57,100,36.6
2025-03-27 15:44:07,130,51,99,37.0
2025-03-27 15:44:12,140,54,100,36.3
2025-03-27 15:44:17,85,50,96,36.8
2025-03-27 15:44:22,128,59,95,36.1
2025-03-27 15:44:27,86,60,100,36.8
2025-03-27 15:44:32,126,50,96,37.1
2025-03-27 15:44:37,85,66,99,36.9
2025-03-27 15:44:42,94,61,98,37.0
2025-03-27 15:44:47,115,67,99,36.6
2025-03-27 15:44:52,111,55,95,36.2
2025-03-27 15:44:57,100,58,97,36.6
2025-03-27 15:45:02,146,70,97,37.1
2025-03-27 15:45:07,128,59,100,36.7
2025-03-27 15:45:12,142,53,98,36.1
2025-03-27 15:45:17,88,60,97,37.2
2025-03-27 15:45:22,86,59,97,36.7
2025-03-27 15:45:27,100,57,95,37.2
2025-03-27 15:45:32,125,50,98,36.5
2025-03-27 15:45:37,84,67,97,36.6
2025-03-27 15:45:42,115,64,99,36.5
2025-03-27 15:45:47,114,55,98,36.9
2025-03-27 15:45:52,93,50,95,36.5
2025-03-27 15:45:57,98,62,100,36.1
2025-03-27 15:46:02,135,61,98,37.2
2025-03-27 15:46:07,99,69,96,37.2
2025-03-27 15:46:12,135,69,100,36.1
2025-03-27 15:46:17,110,56,96,37.1
2025-03-27 15:46:22,108,70,99,36.1
2025-03-27 15:46:27,119,55,96,36.2
2025-03-27 15:46:32,102,67,97,36.1
2025-03-27 15:46:37,105,59,100,36.3
2025-03-27 15:46:42,121,64,98,36.8
2025-03-27 15:46:47,83,61,96,36.8
2025-03-27 15:46:52,149,59,95,36.2
2025-03-27 15:46:57,139,52,98,36.6
2025-03-27 15:47:02,103,67,98,37.0
2025-03-27 15:47:07,104,54,96,36.0
2025-03-27 15:47:12,112,60,99,36.6
2025-03-27 15:47:17,119,70,96,36.3
2025-03-27 15:47:22,100,65,96,37.0
2025-03-27 15:47:27,101,52,98,36.0
2025-03-27 15:47:32,80,69,99,36.4
2025-03-27 15:47:37,95,64,97,37.0
2025-03-27 15:47:42,113,61,99,37.2
2025-03-27 15:47:47,86,58,98,36.2
2025-03-27 15:47:52,104,57,96,36.5
2025-03-27 15:47:57,108,50,99,37.1
2025-03-27 15:48:02,88,59,99,36.6
2025-03-27 15:48:07,85,60,99,36.6
2025-03-27 15:48:12,135,57,97,36.2
2025-03-27 15:48:17,110,64,97,36.4
2025-03-27 15:48:22,134,62,97,36.8
2025-03-27 15:48:27,117,67,96,36.9
2025-03-27 15:48:32,83,60,96,36.6
2025-03-27 15:48:37,101,63,95,37.0
2025-03-27 15:48:42,116,62,96,36.5
2025-03-27 15:48:47,129,68,100,37.1
2025-03-27 15:48:52,138,62,96,36.4
2025-03-27 15:48:57,93,60,98,36.7
2025-03-27 15:49:02,108,50,97,36.7
2025-03-27 15:49:07,119,67,97,36.4
2025-03-27 15:49:12,125,61,99,36.5
2025-03-27 15:49:17,147,50,99,36.5
2025-03-27 15:49:22,136,53,95,36.0
2025-03-27 15:49:27,96,70,99,36.7
2025-03-27 15:49:32,112,70,98,37.0
2025-03-27 15:49:37,99,57,98,36.1
2025-03-27 15:49:42,95,70,100,37.0
2025-03-27 15:49:47,109,60,97,36.1
2025-03-27 15:49:52,126,70,95,36.5
2025-03-27 15:49:57,116,69,96,36.9
2025-03-27 15:50:02,101,68,99,36.5
2025-03-27 15:50:07,121,52,95,36.3
2025-03-27 15:50:12,123,53,97,36.2
2025-03-27 15:50:17,81,60,98,36.9
2025-03-27 15:50:22,133,62,97,36.3
2025-03-27 15:50:27,114,66,95,37.1
2025-03-27 15:50:32,121,56,95,36.1
2025-03-27 15:50:37,120,53,99,37.1
2025-03-27 15:50:42,105,69,95,36.0
2025-03-27 15:50:47,116,70,95,36.1
2025-03-27 15:50:52,120,56,100,36.5
2025-03-27 15:50:57,100,52,95,36.1
2025-03-27 15:51:02,145,64,100,36.0
2025-03-27 15:51:07,119,62,99,36.4
2025-03-27 15:51:12,136,51,100,36.3
2025-03-27 15:51:17,131,64,96,36.2
2025-03-27 15:51:22,124,63,95,36.1
2025-03-27 15:51:27,120,61,98,37.0
2025-03-27 15:51:32,129,63,98,36.5
2025-03-27 15:51:37,123,52,95,36.0
2025-03-27 15:51:42,131,59,97,36.5
2025-03-27 15:51:47,143,68,95,37.1
2025-03-27 15:51:52,92,70,95,36.2
2025-03-27 15:51:57,109,64,99,36.5
2025-03-27 15:52:02,84,51,98,36.4
2025-03-27 15:52:07,113,62,96,36.5
2025-03-27 15:52:12,87,50,100,36.0
2025-03-27 15:52:17,130,69,99,37.1
2025-03-27 15:52:22,95,61,99,36.1
2025-03-27 15:52:27,148,67,98,36.0
2025-03-27 15:52:32,138,60,100,37.1
2025-03-27 15:52:37,124,52,96,36.3
2025-03-27 15:52:42,109,56,100,36.8
2025-03-27 15:52:47,112,63,97,36.0
2025-03-27 15:52:52,94,56,99,36.4
2025-03-27 15:52:57,125,53,95,36.2
2025-03-27 15:53:02,93,58,96,36.2
2025-03-27 15:53:07,127,59,97,37.1
2025-03-27 15:53:12,132,65,100,36.8
2025-03-27 15:53:17,89,56,100,36.6
2025-03-27 15:53:22,82,58,95,36.4
2025-03-27 15:53:27,88,66,97,36.5
2025-03-27 15:53:32,94,55,96,36.8
2025-03-27 15:53:37,85,51,96,36.6
2025-03-27 15:53:42,133,50,99,36.0
2025-03-27 15:53:47,98,68,95,37.0
2025-03-27 15:53:52,100,63,98,36.7
2025-03-27 15:53:57,137,50,95,37.2
2025-03-27 15:54:02,139,53,97,36.4
2025-03-27 15:54:07,116,70,100,36.5
2025-03-27 15:54:12,102,55,99,37.2
2025-03-27 15:54:17,119,60,97,36.6
2025-03-27 15:54:22,145,54,98,36.4
2025-03-27 15:54:27,119,70,98,36.2
2025-03-27 15:54:32,94,70,97,36.1
2025-03-27 15:54:37,100,64,98,36.3
2025-03-27 15:54:42,103,63,99,36.5
2025-03-27 15:54:47,110,58,98,36.8
2025-03-27 15:54:52,148,59,98,36.9
2025-03-27 15:54:57,90,64,97,36.0
2025-03-27 15:55:02,144,53,99,36.4
2025-03-27 15:55:07,84,61,97,36.6
2025-03-27 15:55:12,88,66,97,36.9
2025-03-27 15:55:17,103,51,97,36.6
2025-03-27 15:55:22,135,53,99,36.2
2025-03-27 15:55:27,134,66,99,36.2
2025-03-27 15:55:32,149,53,95,37.0
2025-03-27 15:55:37,104,50,97,36.6
2025-03-27 15:55:42,132,66,95,36.1
2025-03-27 15:55:47,149,67,95,36.6
2025-03-27 15:55:52,81,59,96,37.1
2025-03-27 15:55:57,146,51,98,36.0
2025-03-27 15:56:02,148,70,99,37.2
2025-03-27 15:56:07,98,63,97,36.0
2025-03-27 15:56:12,84,60,98,36.9
2025-03-27 15:56:17,117,68,100,36.6
2025-03-27 15:56:22,111,66,98,36.3
2025-03-27 15:56:27,135,66,96,36.3
2025-03-27 15:56:32,131,63,97,36.2
2025-03-27 15:56:37,146,70,95,36.2
2025-03-27 15:56:42,93,52,96,36.1
2025-03-27 15:56:47,84,65,99,37.0
2025-03-27 15:56:52,89,67,95,36.7
2025-03-27 15:56:57,143,53,100,36.7
2025-03-27 15:57:02,99,69,95,37.1
2025-03-27 15:57:07,89,67,100,36.3
2025-03-27 15:57:12,141,61,95,36.2
2025-03-27 15:57:17,101,59,100,36.6
2025-03-27 15:57:22,81,53,99,36.1
2025-03-27 15:57:27,106,53,97,36.1
2025-03-27 15:57:32,80,65,100,36.6
2025-03-27 15:57:37,110,59,97,36.1
2025-03-27 15:57:42,90,54,99,36.8
2025-03-27 15:57:47,109,59,99,36.4
2025-03-27 15:57:52,131,64,99,36.4
2025-03-27 15:57:57,117,56,96,37.0
2025-03-27 15:58:02,114,62,95,36.5
2025-03-27 15:58:07,108,67,100,36.3
2025-03-27 15:58:12,109,61,100,36.2
2025-03-27 15:58:17,110,68,96,36.6
2025-03-27 15:58:22,132,51,95,36.2
2025-03-27 15:58:27,128,62,100,36.9
2025-03-27 15:58:32,82,56,97,36.2
2025-03-27 15:58:37,98,63,99,36.7
2025-03-27 15:58:42,136,50,99,37.1
2025-03-27 15:58:47,126,69,95,36.9
2025-03-27 15:58:52,89,63,96,36.6
2025-03-27 15:58:57,80,65,95,37.1
2025-03-27 15:59:02,115,56,96,36.7
2025-03-27 15:59:07,142,63,96,36.9
2025-03-27 15:59:12,101,59,95,36.8
2025-03-27 15:59:17,112,63,99,36.0
